cluster,customers,recency_days,frequency,monetary,persona
0,78,167.69230769230768,3.576923076923077,327.08948717948715,At Risk
1,498,34.570281124497996,9.644578313253012,865.067670682731,Potential
2,238,7.659663865546219,56.563025210084035,5769.550210084033,Champions
3,778,12.881748071979434,25.00771208226221,2532.0279177377893,Loyal
