cluster,customers,recency_days,frequency,monetary,persona
0,45,209.64444444444445,2.8,282.9802222222222,Hibernating
1,124,7.169354838709677,67.35483870967742,6959.591532258064,Champions
2,477,9.817610062893081,34.457023060796644,3499.8682389937103,Loyal
3,664,18.018072289156628,16.822289156626507,1644.0659487951807,Potential
4,282,53.797872340425535,6.794326241134752,576.4785460992908,At Risk
