{
  "algorithm": "kmeans_numpy",
  "k": 5,
  "features": [
    "recency_days",
    "frequency",
    "log1p_monetary"
  ],
  "centroids": [
    [
      4.518783944817825,
      -1.187732642620952,
      -2.273417079644582
    ],
    [
      -0.47614627825632755,
      2.451387741310619,
      1.4417810182986743
    ],
    [
      -0.41081552530570337,
      0.5968542329383327,
      0.7361112114416425
    ],
    [
      -0.20851539694472043,
      -0.3972605522366193,
      -0.0811710244367626
    ],
    [
      0.6741492557769408,
      -0.9625623171313595,
      -1.3251934940307917
    ]
  ]
}