{
  "algorithm": "kmeans_numpy",
  "selected_k": 4,
  "features": [
    "recency_days",
    "frequency",
    "log1p_monetary"
  ],
  "centroids": [
    [
      3.4838517159010465,
      -1.143935513505769,
      -2.096115327442282
    ],
    [
      0.19981694819103368,
      -0.8018863612725484,
      -0.8485929137129737
    ],
    [
      -0.46405066994440747,
      1.8430257769568796,
      1.2340985069912913
    ],
    [
      -0.3352252115586724,
      0.06417254890930886,
      0.37581082507150554
    ]
  ]
}